Date 	Open 	High 	Low 	Close 	Shares Traded 	Turnover (? Cr)
01-01-2021	13996.1	14049.85	13991.35	14018.5	258090905	15873.75
04-01-2021	14104.35	14147.95	13953.75	14132.9	494999295	28705.09
05-01-2021	14075.15	14215.6	14048.15	14199.5	492475349	30872.87
06-01-2021	14240.95	14244.15	14039.9	14146.25	632323316	34615.55
07-01-2021	14253.75	14256.25	14123.1	14137.35	559173512	33446.47
08-01-2021	14258.4	14367.3	14221.65	14347.25	613472067	37615.19
11-01-2021	14474.05	14498.2	14383.1	14484.75	672878543	40186.21
12-01-2021	14473.8	14590.65	14432.85	14563.45	929566952	44976.12
13-01-2021	14639.8	14653.35	14435.7	14564.85	873956688	44682.93
14-01-2021	14550.05	14617.8	14471.5	14595.6	620194977	37534.37
15-01-2021	14594.35	14617.45	14357.85	14433.7	789557216	39912.18
18-01-2021	14453.3	14459.15	14222.8	14281.3	762043554	41716.22
19-01-2021	14371.65	14546.05	14350.85	14521.15	546108304	33084.79
20-01-2021	14538.3	14666.45	14517.55	14644.7	623069963	34639.36
21-01-2021	14730.95	14753.55	14517.25	14590.35	704646957	41939.04
22-01-2021	14583.4	14619.9	14357.75	14371.9	776750347	45322.54
25-01-2021	14477.8	14491.1	14218.6	14238.9	618631493	42278.39
27-01-2021	14237.95	14237.95	13929.3	13967.5	660711117	40579.24
28-01-2021	13810.4	13898.25	13713.25	13817.55	637871621	39881.82
29-01-2021	13946.6	13966.85	13596.75	13634.6	753206122	46918.29
01-02-2021	13758.6	14336.35	13661.75	14281.2	870529495	51840.22
02-02-2021	14481.1	14731.7	14469.15	14647.85	914965225	58177.74
03-02-2021	14754.9	14868.85	14574.15	14789.95	869477087	49312.35
04-02-2021	14789.05	14913.7	14714.75	14895.65	884686415	47811.8
05-02-2021	14952.6	15014.65	14864.75	14924.25	935629058	54394.63
08-02-2021	15064.3	15159.9	15041.05	15115.8	671242694	40483.96
09-02-2021	15164.15	15257.1	15064.3	15109.3	713279133	41930.72
10-02-2021	15119.05	15168.25	14977.2	15106.5	624791133	40707.97
11-02-2021	15073.25	15188.5	15065.4	15173.3	500122414	30933.44
12-02-2021	15186.2	15243.5	15081	15163.3	571808807	32304.24
15-02-2021	15270.3	15340.15	15243.4	15314.7	455959720	28955.29
16-02-2021	15371.45	15431.75	15242.2	15313.45	648545320	36550.03
17-02-2021	15279.9	15314.3	15170.75	15208.9	504767226	34073.12
18-02-2021	15238.7	15250.75	15078.05	15118.95	770629541	37093.99
19-02-2021	15074.8	15144.05	14898.2	14981.75	712213821	37419.34
22-02-2021	14999.05	15010.1	14635.05	14675.7	609898454	37578.07
23-02-2021	14782.25	14854.5	14651.85	14707.8	744092809	39508.09
24-02-2021	14729.15	15008.8	14723.05	14982	403754669	23723.99
25-02-2021	15079.85	15176.5	15065.35	15097.35	803883875	42983.07
26-02-2021	14888.6	14919.45	14467.75	14529.15	1103644519	65012.96
01-03-2021	14702.5	14806.8	14638.55	14761.55	507302977	30030.57
02-03-2021	14865.3	14959.1	14760.8	14919.1	621723916	34647.26
03-03-2021	15064.4	15273.15	14995.8	15245.6	544205583	34567.73
04-03-2021	15026.75	15202.35	14980.2	15080.75	534850447	36036.02
05-03-2021	14977.95	15092.35	14862.1	14938.1	640700362	37811.6
08-03-2021	15002.45	15111.15	14919.9	14956.2	580308065	29518.07
09-03-2021	15049.9	15126.85	14925.45	15098.4	675271251	38365.48
10-03-2021	15202.15	15218.45	15100.85	15174.8	404585756	25603.32
12-03-2021	15321.15	15336.3	14953.6	15030.95	493238854	32195.96
15-03-2021	15048.4	15048.4	14745.85	14929.5	467473367	28118
16-03-2021	14996.1	15051.6	14890.65	14910.45	437651327	27975.07
17-03-2021	14946.55	14956.55	14696.05	14721.3	479352147	27983.5
18-03-2021	14855.5	14875.2	14478.6	14557.85	542216908	31339.71
19-03-2021	14471.15	14788.25	14350.1	14744	919178208	49011.27
22-03-2021	14736.3	14763.9	14597.85	14736.4	458997059	27345.02
23-03-2021	14768.55	14878.6	14707	14814.75	474150088	30322.09
24-03-2021	14712.45	14752.35	14535	14549.4	456403503	27868.93
25-03-2021	14570.9	14575.6	14264.4	14324.9	606820996	35350.22
26-03-2021	14506.3	14572.9	14414.25	14507.3	481000845	29423.45
30-03-2021	14628.5	14876.3	14617.6	14845.1	594520567	35117.93
31-03-2021	14811.85	14813.75	14670.25	14690.7	436874691	29741.83
01-04-2021	14798.4	14883.2	14692.45	14867.35	430028476	29585.23
05-04-2021	14837.7	14849.85	14459.5	14637.8	500476690	33885.39
06-04-2021	14737	14779.1	14573.9	14683.5	474211156	31885.97
07-04-2021	14716.45	14879.8	14649.85	14819.05	476382016	35184.96
08-04-2021	14875.65	14984.15	14821.1	14873.8	503728173	34444.56
09-04-2021	14882.65	14918.45	14785.65	14834.85	498347599	35010.36
12-04-2021	14644.65	14652.5	14248.7	14310.8	638475842	43433.24
13-04-2021	14364.9	14528.9	14274.9	14504.8	588666016	40846.57
15-04-2021	14522.4	14597.55	14353.2	14581.45	556851211	40177.25
16-04-2021	14599.6	14697.7	14559	14617.85	568568743	36653.65
19-04-2021	14306.6	14382.3	14191.4	14359.45	503142904	34751.95
20-04-2021	14526.7	14526.95	14207.3	14296.4	456704716	34687.11
22-04-2021	14219.15	14424.75	14151.4	14406.15	516985252	37235.71
23-04-2021	14326.35	14461.15	14273.3	14341.35	476613608	31894.66
26-04-2021	14449.45	14557.5	14421.3	14485	448533329	33156.16
27-04-2021	14493.8	14667.55	14484.85	14653.05	442211685	32181.14
28-04-2021	14710.5	14890.25	14694.95	14864.55	453990807	37650.11
29-04-2021	14979	15044.35	14814.45	14894.9	511466673	41597.37
30-04-2021	14747.35	14855.45	14601.7	14631.1	594744498	40335.86
03-05-2021	14481.05	14673.85	14416.25	14634.15	443410846	32538.97
04-05-2021	14687.25	14723.4	14461.5	14496.5	479657079	34024.77
05-05-2021	14604.15	14637.9	14506.6	14617.85	437261063	28942.47
06-05-2021	14668.35	14743.9	14611.5	14724.8	445281496	31015.95
07-05-2021	14816.85	14863.05	14765.5	14823.15	483677266	33583.37
10-05-2021	14928.25	14966.9	14892.5	14942.35	510598577	31620.64
11-05-2021	14789.7	14900	14771.4	14850.75	616204478	32955.82
12-05-2021	14823.55	14824.05	14649.7	14696.5	620318215	32035.23
14-05-2021	14749.4	14749.65	14591.9	14677.8	602738614	39176.28
17-05-2021	14756.25	14938	14725.35	14923.15	534516176	35571.28
18-05-2021	15067.2	15137.25	15043.7	15108.1	571923125	35634.73
19-05-2021	15058.6	15133.4	15008.85	15030.15	563293717	31100.21
20-05-2021	15042.6	15069.8	14884.9	14906.05	467455658	28002.53
21-05-2021	14987.8	15190	14985.85	15175.3	557730470	31921.76
24-05-2021	15211.35	15256.25	15145.45	15197.7	566722866	32061.04
25-05-2021	15291.75	15293.85	15163.4	15208.45	417323446	26871.99
26-05-2021	15257.05	15319.9	15194.95	15301.45	377682051	26187.83
27-05-2021	15323.95	15384.55	15272.5	15337.85	682374351	48219.93
28-05-2021	15421.2	15469.65	15394.75	15435.65	455582440	32992.08
31-05-2021	15437.75	15606.35	15374	15582.8	435999456	32739.29
01-06-2021	15629.65	15660.75	15528.3	15574.85	409562322	27964.09
02-06-2021	15520.35	15597.45	15459.85	15576.2	428641666	28781.87
03-06-2021	15655.55	15705.1	15611	15690.35	410240584	27519.48
04-06-2021	15712.5	15733.6	15622.35	15670.25	414162241	25363.03
07-06-2021	15725.1	15773.45	15678.1	15751.65	393970049	25411.48
08-06-2021	15773.9	15778.8	15680	15740.1	378164658	24172.13
09-06-2021	15766.3	15800.45	15566.9	15635.35	457855735	26926.49
10-06-2021	15692.1	15751.25	15648.5	15737.75	298297041	23032.9
11-06-2021	15796.45	15835.55	15749.8	15799.35	363011297	24591.69
14-06-2021	15791.4	15823.05	15606.5	15811.85	392862037	28001.5
15-06-2021	15866.95	15901.6	15842.4	15869.25	323262818	22181.26
16-06-2021	15847.5	15880.85	15742.6	15767.55	340191175	22505.95
17-06-2021	15648.3	15769.35	15616.75	15691.4	357649243	26048.47
18-06-2021	15756.5	15761.5	15450.9	15683.35	640821642	42024.55
21-06-2021	15525.85	15765.15	15505.65	15746.5	351530072	22525.89
22-06-2021	15840.5	15895.75	15752.1	15772.75	322237561	24440.47
23-06-2021	15862.8	15862.95	15673.95	15686.95	287536735	23222.94
24-06-2021	15737.3	15821.4	15702.7	15790.45	316662241	29623.58
25-06-2021	15839.35	15870.8	15772.3	15860.35	314614380	26933.22
28-06-2021	15915.35	15915.65	15792.15	15814.7	255099272	18713.41
29-06-2021	15807.5	15835.9	15724.05	15748.45	360334724	24392.13
30-06-2021	15776.9	15839.1	15708.75	15721.5	262386323	20379.76
01-07-2021	15755.05	15755.55	15667.05	15680	224921644	17359.97
02-07-2021	15705.85	15738.35	15635.95	15722.2	254808999	18015.42
05-07-2021	15793.4	15845.95	15762.05	15834.35	207032153	14976.54
06-07-2021	15813.75	15914.2	15801	15818.25	391410742	24456.05
07-07-2021	15819.6	15893.55	15779.7	15879.65	329308646	22259.96
08-07-2021	15855.4	15885.75	15682.9	15727.9	307928495	19597.95
09-07-2021	15688.25	15730.85	15632.75	15689.8	243249366	19976.86
12-07-2021	15766.8	15789.2	15644.75	15692.6	216272488	18482.89
13-07-2021	15794	15820.8	15744.6	15812.35	246676549	18205.97
14-07-2021	15808.7	15877.35	15764.2	15853.95	239924352	18372.84
15-07-2021	15872.15	15952.35	15855	15924.2	284851049	20961.37
16-07-2021	15958.35	15962.25	15882.6	15923.4	276298105	18758.13
19-07-2021	15754.5	15836.9	15707.5	15752.4	242131813	18088.78
20-07-2021	15703.95	15728.45	15578.55	15632.1	274284165	21329.55
22-07-2021	15736.6	15834.8	15726.4	15824.05	265250867	23988.39
23-07-2021	15856.8	15899.8	15768.4	15856.05	294098244	20685.82
26-07-2021	15849.3	15893.35	15797	15824.45	267076679	19487.18
27-07-2021	15860.5	15881.55	15701	15746.45	311012065	26117.34
28-07-2021	15761.55	15767.5	15513.45	15709.4	318601589	26090.48
29-07-2021	15762.7	15817.35	15737.8	15778.45	401584915	29460.54
30-07-2021	15800.6	15862.8	15744.85	15763.05	400021237	30539.63
02-08-2021	15874.9	15892.9	15834.65	15885.15	244847433	20766.99
03-08-2021	15951.55	16146.9	15914.35	16130.75	341289658	26373.24
04-08-2021	16195.25	16290.2	16176.15	16258.8	427337644	32434.78
05-08-2021	16288.95	16349.45	16210.3	16294.6	418174517	31386.78
06-08-2021	16304.4	16336.75	16223.3	16238.2	320087281	24716.17
09-08-2021	16281.35	16320.75	16179.05	16258.25	240452917	18302.03
10-08-2021	16274.8	16359.25	16202.25	16280.1	287989486	22600.38
11-08-2021	16327.3	16338.75	16162.55	16282.25	277895886	20306.59
12-08-2021	16303.65	16375.5	16286.9	16364.4	280181324	18548.87
13-08-2021	16385.7	16543.6	16376.3	16529.1	321866286	27163.08
16-08-2021	16518.4	16589.4	16480.75	16563.05	254049330	21456.2
17-08-2021	16545.25	16628.55	16495.4	16614.6	297388470	25696.44
18-08-2021	16691.95	16701.85	16535.85	16568.85	251796822	22721.54
20-08-2021	16382.5	16509.55	16376.05	16450.5	350819323	30118.23
23-08-2021	16592.25	16592.5	16395.7	16496.45	275597782	24355.77
24-08-2021	16561.4	16647.1	16495.3	16624.6	275362819	24992.32
25-08-2021	16654	16712.45	16617.5	16634.65	265920141	22210.6
26-08-2021	16627.95	16683.7	16603.4	16636.9	253530997	22320.21
27-08-2021	16642.55	16722.05	16565.6	16705.2	217405743	20499.85
30-08-2021	16775.85	16951.5	16764.85	16931.05	283483108	23615.87
31-08-2021	16947.5	17153.5	16915.85	17132.2	464390247	40147.89
01-09-2021	17185.6	17225.75	17055.05	17076.25	301894634	27691.93
02-09-2021	17095.4	17245.5	17059.7	17234.15	242377518	22620.36
03-09-2021	17262.45	17340.1	17212.2	17323.6	261373795	23579.17
06-09-2021	17399.35	17429.55	17345.55	17377.8	228045532	21270.62
07-09-2021	17401.55	17436.5	17287	17362.1	243417811	19848.94
08-09-2021	17375.75	17383.4	17254.2	17353.5	252652423	22696.35
09-09-2021	17312.85	17379.65	17302.7	17369.25	241509352	17719.78
13-09-2021	17363.55	17378.35	17269.15	17355.3	241053924	18498.63
14-09-2021	17420.35	17438.55	17367.05	17380	230354386	18702.82
15-09-2021	17387.65	17532.7	17386.9	17519.45	388191629	24256.8
16-09-2021	17539.2	17644.6	17510.45	17629.5	503310763	30189.77
17-09-2021	17709.65	17792.95	17537.65	17585.15	508285916	43345.58
20-09-2021	17443.85	17622.75	17361.8	17396.9	339102046	25304.27
21-09-2021	17450.5	17578.35	17326.1	17562	363578479	26520.99
22-09-2021	17580.9	17610.45	17524	17546.65	295191136	21772.23
23-09-2021	17670.85	17843.9	17646.55	17822.95	320514486	25005.36
24-09-2021	17897.45	17947.65	17819.4	17853.2	360130853	30787.59
27-09-2021	17932.2	17943.5	17802.9	17855.1	295714657	24244.98
28-09-2021	17906.45	17912.85	17576.1	17748.6	397997281	27055.36
29-09-2021	17657.95	17781.75	17608.15	17711.3	562237732	30621.28
30-09-2021	17718.9	17742.15	17585.35	17618.15	378592721	27167.19
01-10-2021	17531.9	17557.15	17452.9	17532.05	305763919	20911.61
04-10-2021	17615.55	17750.9	17581.35	17691.25	295761839	21343.51
05-10-2021	17661.35	17833.45	17640.9	17822.3	427000191	23066.8
06-10-2021	17861.5	17884.6	17613.15	17646	395833550	24504.3
07-10-2021	17810.55	17857.55	17763.8	17790.35	419890959	27371.98
08-10-2021	17886.85	17941.85	17840.35	17895.2	324066351	22778.68
11-10-2021	17867.55	18041.95	17839.1	17945.95	375756457	29000.2
12-10-2021	17915.8	18008.65	17864.95	17991.95	355568313	26491.42
13-10-2021	18097.85	18197.8	18050.75	18161.75	506679748	34503
14-10-2021	18272.85	18350.75	18248.7	18338.55	538714440	38903.16
18-10-2021	18500.1	18543.15	18445.3	18477.05	469883515	36800.84
19-10-2021	18602.35	18604.45	18377.7	18418.75	368230309	30505.86
20-10-2021	18439.9	18458.3	18209.35	18266.6	371276478	28968.42
21-10-2021	18382.7	18384.2	18048	18178.1	365902008	30839.79
22-10-2021	18230.7	18314.25	18034.35	18114.9	324748084	26938.88
25-10-2021	18229.5	18241.4	17968.5	18125.4	418703647	34572.34
26-10-2021	18154.5	18310.45	18099.3	18268.4	341377869	29764.61
27-10-2021	18295.85	18342.05	18167.9	18210.95	335248487	30823.75
28-10-2021	18187.65	18190.7	17799.45	17857.25	374205784	30222.34
29-10-2021	17833.05	17915.85	17613.1	17671.65	336466864	28136
01-11-2021	17783.15	17954.1	17697.1	17929.65	281190130	24354.38
02-11-2021	17970.9	18012.25	17847.6	17888.95	296441997	23371.51
03-11-2021	17947.95	17988.75	17757.95	17829.2	330995982	26186.85
04-11-2021	17935.05	17947.55	17900.6	17916.8	48520856	3637.06
08-11-2021	18040.2	18087.8	17836.1	18068.55	338919483	30908.23
09-11-2021	18084.35	18112.6	17983.05	18044.25	270197527	23686.09
10-11-2021	17973.45	18061.25	17915	18017.2	261446523	22281.11
11-11-2021	17967.45	17971.35	17798.2	17873.6	232121151	20074.78
12-11-2021	17977.6	18123	17905.9	18102.75	249111898	22164.33
15-11-2021	18140.95	18210.15	18071.3	18109.45	280428633	19099.6
16-11-2021	18127.05	18132.65	17958.8	17999.2	267431829	24101.67
17-11-2021	17939.35	18022.65	17879.25	17898.65	295715938	22950.84
18-11-2021	17890.55	17945.6	17688.5	17764.8	278425148	22625.36
22-11-2021	17796.25	17805.25	17280.45	17416.55	356400425	29570.57
23-11-2021	17281.75	17553.7	17216.1	17503.35	308843255	26240.41
24-11-2021	17550.05	17600.6	17354	17415.05	298052158	23766.93
25-11-2021	17417.3	17564.35	17351.7	17536.25	255947032	21953.33
26-11-2021	17338.75	17355.4	16985.7	17026.45	356330009	28485.53
29-11-2021	17055.8	17160.7	16782.4	17053.95	348888750	27428.2
30-11-2021	17051.15	17324.65	16931.4	16983.2	497999836	41494.9
01-12-2021	17104.4	17213.05	17064.25	17166.9	295542125	24098.73
02-12-2021	17183.2	17420.35	17149.3	17401.65	279867500	22473.64
03-12-2021	17424.9	17489.8	17180.8	17196.7	292526485	23100.57
06-12-2021	17209.05	17216.75	16891.7	16912.25	231716681	17912.15
07-12-2021	17044.1	17251.65	16987.75	17176.7	254144221	21693.69
08-12-2021	17315.25	17484.6	17308.95	17469.75	257791948	21665.95
09-12-2021	17524.4	17543.25	17379.6	17516.85	237170272	18984.75
10-12-2021	17476.05	17534.35	17405.25	17511.3	204467484	16399.53
13-12-2021	17619.1	17639.5	17355.95	17368.25	256560534	20592.03
14-12-2021	17283.2	17376.2	17225.8	17324.9	270965586	20459.79
15-12-2021	17323.65	17351.2	17192.2	17221.4	214972109	17046.42
16-12-2021	17373	17379.35	17184.95	17248.4	219496063	18493.54
17-12-2021	17276	17298.15	16966.45	16985.2	354591366	31326.91
20-12-2021	16824.25	16840.1	16410.2	16614.2	330614079	25123.59
21-12-2021	16773.15	16936.4	16688.25	16770.85	241030834	19783.04
22-12-2021	16865.55	16971	16819.5	16955.45	207946105	17443.94
23-12-2021	17066.8	17118.65	17015.55	17072.6	196965302	15755.89
24-12-2021	17149.5	17155.6	16909.6	17003.75	182564833	15435.01
27-12-2021	16937.75	17112.05	16833.2	17086.25	144777457	12567.03
28-12-2021	17177.6	17250.25	17161.15	17233.25	176026100	14553.76
29-12-2021	17220.1	17285.95	17176.65	17213.6	161679423	14320.79
30-12-2021	17201.45	17264.05	17146.35	17203.95	320831676	21929.19
31-12-2021	17244.5	17400.8	17238.5	17354.05	167025720	14588.54
03-01-2022	17387.15	17646.65	17383.3	17625.7	200456430	16181.36
04-01-2022	17681.4	17827.6	17593.55	17805.25	247437472	18604.16
05-01-2022	17820.1	17944.7	17748.85	17925.25	251460038	23737.31
06-01-2022	17768.5	17797.95	17655.55	17745.9	236454824	22643.82
07-01-2022	17797.6	17905	17704.55	17812.7	239338015	21447.89
10-01-2022	17913.3	18017.45	17879.15	18003.3	232418075	20853.64
11-01-2022	17997.75	18081.25	17964.4	18055.75	220238796	20781.46
12-01-2022	18170.4	18227.95	18128.8	18212.35	244974287	22298.69
13-01-2022	18257	18272.25	18163.8	18257.8	303700545	28670.93
14-01-2022	18185	18286.95	18119.65	18255.75	229451608	21024.51
17-01-2022	18235.65	18321.55	18228.75	18308.1	266702919	23859.38
18-01-2022	18337.2	18350.95	18085.9	18113.05	227507319	20852.67
19-01-2022	18129.2	18129.2	17884.9	17938.4	276662654	25310.19
20-01-2022	17921	17943.7	17648.45	17757	258094246	25863.29
21-01-2022	17613.7	17707.6	17485.85	17617.15	277645373	25941.64
24-01-2022	17575.15	17599.4	16997.85	17149.1	323847388	28387.73
25-01-2022	17001.55	17309.15	16836.8	17277.95	326515896	31344.46
27-01-2022	17062	17182.5	16866.75	17110.15	395596577	36296.64
28-01-2022	17208.3	17373.5	17077.1	17101.95	355284285	29799.89
31-01-2022	17301.05	17410	17264.15	17339.85	321660346	25474.13
01-02-2022	17529.45	17622.4	17244.55	17576.85	386391485	30033.66
02-02-2022	17706.2	17794.6	17674.8	17780	271205907	23611.59
03-02-2022	17767.75	17781.15	17511.15	17560.2	226614989	20373.06
04-02-2022	17590.2	17617.8	17462.55	17516.3	261434170	20651.85
07-02-2022	17456.3	17536.75	17119.4	17213.6	265037933	21925.11
08-02-2022	17279.85	17306.45	17043.65	17266.75	268526210	23846.16
09-02-2022	17370.1	17477.15	17339	17463.8	236350514	19327.67
10-02-2022	17554.1	17639.45	17427.15	17605.85	273606440	22210.93
11-02-2022	17451	17454.75	17303	17374.75	253141660	23230.82
14-02-2022	17076.15	17099.5	16809.65	16842.8	305510740	24976.16
15-02-2022	16933.25	17375	16839.25	17352.45	298658142	24765.67
16-02-2022	17408.45	17490.6	17257.7	17322.2	244549223	21128.38
17-02-2022	17396.55	17442.9	17235.85	17304.6	232136131	19381.26
18-02-2022	17236.05	17380.8	17219.2	17276.3	189620888	16126.96
21-02-2022	17192.25	17351.05	17070.7	17206.65	215183301	18725.57
22-02-2022	16847.95	17148.55	16843.8	17092.2	300131995	24040.84
23-02-2022	17194.5	17220.7	17027.85	17063.25	200229631	17662.47
24-02-2022	16548.9	16705.25	16203.25	16247.95	457967874	36650.83
25-02-2022	16515.65	16748.8	16478.3	16658.4	329780732	25743.77
28-02-2022	16481.6	16815.9	16356.3	16793.9	404214666	33831.57
02-03-2022	16593.1	16678.5	16478.65	16605.95	517723542	39407.44
03-03-2022	16723.2	16768.95	16442.95	16498.05	442068263	31413
04-03-2022	16339.45	16456	16133.8	16245.35	456143040	34821.1
07-03-2022	15867.95	15944.6	15711.45	15863.15	585403660	38038.75
08-03-2022	15747.75	16028.75	15671.45	16013.45	543600673	38704.4
09-03-2022	16078	16418.05	15990	16345.35	462231428	35329.34
10-03-2022	16757.1	16757.3	16447.9	16594.9	486445481	35513.73
11-03-2022	16528.8	16694.4	16470.9	16630.45	343717045	24720.34
14-03-2022	16633.7	16887.95	16606.5	16871.3	314669685	23824.02
15-03-2022	16900.65	16927.75	16555	16663	381631902	29731.09
16-03-2022	16876.65	16987.9	16837.85	16975.35	259973396	21361.32
17-03-2022	17202.9	17344.6	17175.75	17287.05	448335248	35367.28
21-03-2022	17329.5	17353.35	17096.4	17117.6	285451208	22886.39
22-03-2022	17120.4	17334.4	17006.3	17315.5	338263468	27347.6
23-03-2022	17405.05	17442.4	17199.6	17245.65	292120348	24705.28
24-03-2022	17094.95	17291.75	17091.15	17222.75	290280124	25011.72
25-03-2022	17289	17294.9	17076.55	17153	237115741	20031.39
28-03-2022	17181.85	17235.1	17003.9	17222	253240837	19976.26
29-03-2022	17297.2	17343.65	17235.7	17325.3	235149625	20305.78
30-03-2022	17468.15	17522.5	17387.2	17498.25	505031841	28907.47
31-03-2022	17519.2	17559.8	17435.2	17464.75	281111679	24032.07
01-04-2022	17436.9	17703.7	17422.7	17670.45	291773447	21132.13
04-04-2022	17809.1	18114.65	17791.4	18053.4	345526502	38623.94
05-04-2022	18080.6	18095.45	17921.55	17957.4	283453612	25096.7
06-04-2022	17842.75	17901	17779.85	17807.65	328824420	24252.48
07-04-2022	17723.3	17787.5	17623.7	17639.55	308840215	26236.91
08-04-2022	17698.15	17842.75	17600.55	17784.35	274447433	25608.1
11-04-2022	17740.9	17779.05	17650.95	17674.95	251701846	21001.58
12-04-2022	17584.85	17595.3	17442.35	17530.3	266029060	23958.77
13-04-2022	17599.9	17663.65	17457.4	17475.65	245061941	20229.83
18-04-2022	17183.45	17237.75	17067.85	17173.65	376130248	30154.62
19-04-2022	17258.95	17275.65	16824.7	16958.65	401399563	35467.13
20-04-2022	17045.25	17186.9	16978.95	17136.55	286069736	25972.15
21-04-2022	17234.6	17414.7	17215.5	17392.6	285200022	24999.9
22-04-2022	17242.75	17315.3	17149.2	17171.95	262739740	23371.7
25-04-2022	17009.05	17054.3	16888.7	16953.95	275685925	22699.65
26-04-2022	17121.3	17223.85	17064.45	17200.8	261065753	22079.92
27-04-2022	17073.35	17110.7	16958.45	17038.4	265140480	25373.8
28-04-2022	17189.5	17322.5	17071.05	17245.05	312914417	28488.87
29-04-2022	17329.25	17377.65	17053.25	17102.55	336243642	29582.86
02-05-2022	16924.45	17092.25	16917.25	17069.1	278155513	21222.64
04-05-2022	17096.6	17132.85	16623.95	16677.6	310632799	27405.52
05-05-2022	16854.75	16945.7	16651.85	16682.65	265793403	21792.91
06-05-2022	16415.55	16484.2	16340.9	16411.25	300527719	25472.95
09-05-2022	16227.7	16403.7	16142.1	16301.85	288402950	23274.74
10-05-2022	16248.9	16404.55	16197.3	16240.05	283061200	22685.27
11-05-2022	16270.05	16318.75	15992.6	16167.1	284294438	22994.38
12-05-2022	16021.1	16041.95	15735.75	15808	314921678	25352.34
13-05-2022	15977	16083.6	15740.85	15782.15	369135540	27454.12
16-05-2022	15845.1	15977.95	15739.65	15842.3	217646558	17852.19
17-05-2022	15912.6	16284.25	15900.8	16259.3	295687774	22782.99
18-05-2022	16318.15	16399.8	16211.2	16240.3	290441105	23889.84
19-05-2022	15917.4	15984.75	15775.2	15809.4	313876082	24340.84
20-05-2022	16043.8	16283.05	16003.85	16266.15	252402013	22806.69
23-05-2022	16290.95	16414.7	16185.75	16214.7	293829853	25110.85
24-05-2022	16225.55	16262.8	16078.6	16125.15	249778296	21895.75
25-05-2022	16196.35	16223.35	16006.95	16025.8	243342347	21400.14
26-05-2022	16105	16204.45	15903.7	16170.15	314305739	27721.21
27-05-2022	16296.6	16370.6	16221.95	16352.45	274064956	21341.98
30-05-2022	16527.9	16695.5	16506.15	16661.4	251400757	21216.5
31-05-2022	16578.45	16690.75	16521.9	16584.55	651613610	52929.35
01-06-2022	16594.4	16649.2	16438.85	16522.75	249619038	19350.33
02-06-2022	16481.65	16646.4	16443.05	16628	235958283	20055.84
03-06-2022	16761.65	16793.85	16567.9	16584.3	245514871	22249.29
06-06-2022	16530.7	16610.95	16444.55	16569.55	233589132	17999.41
07-06-2022	16469.6	16487.25	16347.1	16416.35	233814633	17921.95
08-06-2022	16474.95	16514.3	16293.35	16356.25	243481044	18336.15
09-06-2022	16263.85	16492.8	16243.85	16478.1	204954394	16721.68
10-06-2022	16283.95	16324.7	16172.6	16201.8	189680523	18388.03
13-06-2022	15877.55	15886.15	15684	15774.4	225534385	20002.64
14-06-2022	15674.25	15858	15659.45	15732.1	225425862	19825.41
15-06-2022	15729.25	15783.65	15678.9	15692.15	183011236	16063.24
16-06-2022	15832.25	15863.15	15335.1	15360.6	264735957	21383.06
17-06-2022	15272.65	15400.4	15183.4	15293.5	342629997	29074
20-06-2022	15334.5	15382.5	15191.1	15350.15	260022438	18531.78
21-06-2022	15455.95	15707.25	15419.85	15638.8	262794687	18934.27
22-06-2022	15545.65	15565.4	15385.95	15413.3	220889589	16817.07
23-06-2022	15451.55	15628.45	15367.5	15556.65	259171810	21722.06
24-06-2022	15657.4	15749.25	15619.45	15699.25	219599372	18259.72
27-06-2022	15926.2	15927.45	15815.5	15832.05	210932505	17770.42
28-06-2022	15757.45	15892.1	15710.15	15850.2	251865155	18419.75
29-06-2022	15701.7	15861.6	15687.8	15799.1	444949551	22528.57
30-06-2022	15774.5	15890	15728.85	15780.25	306027777	23970.65
01-07-2022	15703.7	15793.95	15511.05	15752.05	364090131	25891.94
04-07-2022	15710.5	15852.35	15661.8	15835.35	304328467	19875.22
05-07-2022	15909.15	16025.75	15785.45	15810.85	254164463	19129.6
06-07-2022	15818.2	16011.35	15800.9	15989.8	288375300	22836.77
07-07-2022	16113.75	16150.5	16045.95	16132.9	264615218	21465.33
08-07-2022	16273.65	16275.5	16157.9	16220.6	281102369	20990.69
11-07-2022	16136.15	16248.55	16115.5	16216	255915072	20240.69
12-07-2022	16126.2	16158.75	16031.15	16058.3	208648707	16042.52
13-07-2022	16128.2	16140	15950.15	15966.65	233264100	19649.66
14-07-2022	16018.85	16070.85	15858.2	15938.65	228603433	18858.83
15-07-2022	16010.8	16066.95	15927.3	16049.2	205768079	17031.43
18-07-2022	16151.4	16287.95	16142.2	16278.5	227744850	19420.93
19-07-2022	16187.05	16359.5	16187.05	16340.55	222630928	18068.59
20-07-2022	16562.8	16588	16490.95	16520.85	284359582	22061.81
21-07-2022	16523.55	16626.95	16483.9	16605.25	243625339	20603.17
22-07-2022	16661.25	16752.25	16610.9	16719.45	190906776	18600.11
25-07-2022	16662.55	16706.05	16564.25	16631	211392171	19384.43
26-07-2022	16632.9	16636.1	16463.3	16483.85	208208122	20087.54
27-07-2022	16475.35	16653.45	16438.75	16641.8	185210970	17608.03
28-07-2022	16774.85	16947.65	16746.25	16929.6	376256315	26674.28
29-07-2022	17079.5	17172.8	17018.15	17158.25	436059722	28241.29
01-08-2022	17243.2	17356.25	17154.8	17340.05	381532671	23221.04
02-08-2022	17310.15	17390.15	17215.85	17345.45	333639093	22576.94
03-08-2022	17349.25	17407.5	17225.85	17388.15	285414666	20842.13
04-08-2022	17463.1	17490.7	17161.25	17382	324981426	21848.21
05-08-2022	17423.65	17474.4	17348.75	17397.5	355310802	20013.14
08-08-2022	17401.5	17548.8	17359.75	17525.1	256994113	18475.21
10-08-2022	17566.1	17566.1	17442.8	17534.75	312716544	21952.35
11-08-2022	17711.65	17719.3	17631.95	17659	311247237	20476.53
12-08-2022	17659.65	17724.65	17597.85	17698.15	303872483	18422.47
16-08-2022	17797.2	17839.1	17764.05	17825.25	278042725	18495.27
17-08-2022	17868.15	17965.95	17833.35	17944.25	262768582	21209.54
18-08-2022	17898.65	17968.45	17852.05	17956.5	263914197	18441.68
19-08-2022	17966.55	17992.2	17710.75	17758.45	295627263	21531.99
22-08-2022	17682.9	17690.05	17467.35	17490.7	287559133	19605.44
23-08-2022	17357.35	17625.55	17345.2	17577.5	285616338	20365.8
24-08-2022	17525.45	17623.65	17499.25	17604.95	261953239	17819.88
25-08-2022	17679	17726.5	17487.45	17522.45	230181848	17566.7
26-08-2022	17619.3	17685.85	17519.35	17558.9	266636238	17500.8
29-08-2022	17188.65	17380.15	17166.2	17312.9	244854637	19351.5
30-08-2022	17414.95	17777.65	17401.5	17759.3	324687477	26284.26
01-09-2022	17485.7	17695.6	17468.45	17542.8	308526598	26813.95
02-09-2022	17598.4	17643.85	17476.45	17539.45	256268616	19548.88
05-09-2022	17546.45	17683.15	17540.35	17665.8	230309013	17011.26
06-09-2022	17695.7	17764.65	17587.65	17655.6	251204527	17521.09
07-09-2022	17519.4	17650.75	17484.3	17624.4	354137885	25419.5
08-09-2022	17748.15	17807.65	17691.95	17798.75	279845682	19925.25
09-09-2022	17923.35	17925.95	17786	17833.35	270299618	20564.06
12-09-2022	17890.85	17980.55	17889.15	17936.35	228242025	17648.17
13-09-2022	18044.45	18088.3	18015.45	18070.05	259922741	21039.08
14-09-2022	17771.15	18091.55	17771.15	18003.75	365866933	26611.96
15-09-2022	18046.35	18096.15	17861.5	17877.4	289637528	22007.78
16-09-2022	17796.8	17820.05	17497.25	17530.85	468464263	36013.89
19-09-2022	17540.65	17667.2	17429.7	17622.25	258329581	19548.99
20-09-2022	17770.4	17919.3	17744.4	17816.25	263100874	20456.69
21-09-2022	17766.35	17838.7	17663.6	17718.35	245532498	19816.78
22-09-2022	17609.65	17722.75	17532.45	17629.8	284094023	21303.96
23-09-2022	17593.85	17642.15	17291.65	17327.35	390754862	23750.53
26-09-2022	17156.3	17196.4	16978.3	17016.3	492002942	27533.01
27-09-2022	17110.9	17176.45	16942.35	17007.4	359895458	22712.8
28-09-2022	16870.55	17037.6	16820.4	16858.6	323922457	21400.93
29-09-2022	16993.6	17026.05	16788.6	16818.1	340034380	24758.63
30-09-2022	16798.05	17187.1	16747.7	17094.35	380204763	26205.63
03-10-2022	17102.1	17114.65	16855.55	16887.35	285850587	21860.54
04-10-2022	17147.45	17287.3	17117.3	17274.3	231601639	18480.43
06-10-2022	17379.25	17428.8	17315.65	17331.8	268239320	20404.46
07-10-2022	17287.2	17337.35	17216.95	17314.65	216273136	17043.26
10-10-2022	17094.35	17280.15	17064.7	17241	234005512	16220.67
11-10-2022	17256.05	17261.8	16950.3	16983.55	282617982	22178.37
12-10-2022	17025.55	17142.35	16960.05	17123.6	256037322	18098.41
13-10-2022	17087.35	17112.35	16956.95	17014.35	266438674	18189.64
14-10-2022	17322.3	17348.55	17169.75	17185.7	226997138	17813.47
17-10-2022	17144.8	17328.55	17098.55	17311.8	212223419	16887.83
18-10-2022	17438.75	17527.8	17434.05	17486.95	239493630	18224.95
19-10-2022	17568.15	17607.6	17472.85	17512.25	210480869	17200.79
20-10-2022	17423.1	17584.15	17421	17563.95	249604832	18345.6
21-10-2022	17622.85	17670.15	17520.75	17576.3	277702680	23547.38
24-10-2022	17736.35	17777.55	17707.4	17730.75	45029477	3772.49
25-10-2022	17808.3	17811.5	17637	17656.35	251358203	20338.32
27-10-2022	17771.4	17783.9	17654.5	17736.95	324649088	24166.3
28-10-2022	17756.4	17838.9	17723.7	17786.8	250030113	19099.59
31-10-2022	17910.2	18022.8	17899.9	18012.2	227174539	19846.47
01-11-2022	18130.7	18175.8	18060.15	18145.4	349924808	26796.59
02-11-2022	18177.9	18178.75	18048.65	18082.85	270878019	20072.62
03-11-2022	17968.35	18106.3	17959.2	18052.7	212968291	16037.78
04-11-2022	18053.4	18135.1	18017.15	18117.15	267941526	21062.54
07-11-2022	18211.75	18255.5	18064.75	18202.8	314758398	25124.84
09-11-2022	18288.25	18296.4	18117.5	18157	307155149	23344.58
10-11-2022	18044.35	18103.1	17969.4	18028.2	256451785	19848.06
11-11-2022	18272.35	18362.3	18259.35	18349.7	378469072	30732.11
14-11-2022	18376.4	18399.45	18311.4	18329.15	301401961	21697.66
15-11-2022	18362.75	18427.95	18282	18403.4	250926391	17836.19
16-11-2022	18398.25	18442.15	18344.15	18409.65	219268992	19732.87
17-11-2022	18358.7	18417.6	18312.95	18343.9	200512910	16410.36
18-11-2022	18382.95	18394.6	18209.8	18307.65	198794846	16553.69
21-11-2022	18246.4	18262.3	18133.35	18159.95	213794598	15037.5
22-11-2022	18179.15	18261.85	18137.7	18244.2	177681099	14750.98
23-11-2022	18325.2	18325.4	18246	18267.25	178791087	15674.45
24-11-2022	18326.1	18529.7	18294.25	18484.1	204044559	18218.35
25-11-2022	18528.45	18534.9	18445.1	18512.75	205876043	17112.8
28-11-2022	18430.55	18614.25	18365.6	18562.75	206468884	19006.92
29-11-2022	18552.45	18678.1	18552.15	18618.05	195255179	16568.17
30-11-2022	18625.7	18816.05	18616.55	18758.35	345636288	32757.21
01-12-2022	18871.95	18887.6	18778.2	18812.5	324955829	22216.65
02-12-2022	18752.4	18781.95	18639.2	18696.1	254401004	20233.76
05-12-2022	18719.55	18728.6	18591.35	18701.05	288393766	19471.83
06-12-2022	18600.65	18654.9	18577.9	18642.75	217777090	17772.27
07-12-2022	18638.85	18668.3	18528.4	18560.5	200501720	17496.8
08-12-2022	18570.85	18625	18536.95	18609.35	202811256	19277.65
09-12-2022	18662.4	18664.7	18410.1	18496.6	215839572	20317.78
12-12-2022	18402.15	18521.55	18345.7	18497.15	193883468	16688.2
13-12-2022	18524.4	18617.25	18490.2	18608	187585567	16536.17
14-12-2022	18671.25	18696.1	18632.9	18660.3	208030337	16626
15-12-2022	18614.4	18652.9	18387.7	18414.9	183127544	15618.55
16-12-2022	18319.1	18440.95	18255.15	18269	277650193	23292.95
19-12-2022	18288.1	18431.65	18244.55	18420.45	154847475	14455.23
20-12-2022	18340.3	18404.9	18202.65	18385.3	169041783	15038.56
21-12-2022	18435.15	18473.35	18162.75	18199.1	187594274	17223.44
22-12-2022	18288.8	18318.75	18068.6	18127.35	195699650	16725.23
23-12-2022	17977.65	18050.45	17779.5	17806.8	221454773	18486.94
26-12-2022	17830.4	18084.1	17774.25	18014.6	176652342	13708.21
27-12-2022	18089.8	18149.25	17967.45	18132.3	214257094	13000.64
28-12-2022	18084.75	18173.1	18068.35	18122.5	193873167	13997.59
29-12-2022	18045.7	18229.7	17992.8	18191	281052828	18466.05
30-12-2022	18259.1	18265.25	18080.3	18105.3	192005563	14475.22
02-01-2023	18131.7	18215.15	18086.5	18197.45	256073979	11793.06
03-01-2023	18163.2	18251.95	18149.8	18232.55	208699772	13680.91
04-01-2023	18230.65	18243	18020.6	18042.95	235162202	16687.71
05-01-2023	18101.95	18120.3	17892.6	17992.15	269949738	22108.53
06-01-2023	18008.05	18047.4	17795.55	17859.45	238220578	17495.25
09-01-2023	17952.55	18141.4	17936.15	18101.2	257237669	19916.16
10-01-2023	18121.3	18127.6	17856	17914.15	283277918	20570.3
11-01-2023	17924.25	17976.35	17824.35	17895.7	259853294	20204.33
12-01-2023	17920.85	17945.8	17761.65	17858.2	227769060	19762.43
13-01-2023	17867.5	17999.35	17774.25	17956.6	256700729	21341.7
16-01-2023	18033.15	18049.65	17853.65	17894.85	206195816	16728.37
17-01-2023	17922.8	18072.05	17886.95	18053.3	219055125	17461.09
18-01-2023	18074.3	18183.75	18032.45	18165.35	255840928	20500.07
19-01-2023	18119.8	18155.2	18063.75	18107.85	237833991	18413.13
20-01-2023	18115.6	18145.45	18016.2	18027.65	237225269	19519.96
23-01-2023	18118.45	18162.6	18063.45	18118.55	202460434	17060.12
24-01-2023	18183.95	18201.25	18078.65	18118.3	216910302	19705.91
25-01-2023	18093.35	18100.6	17846.15	17891.95	257227052	20890.56
27-01-2023	17877.2	17884.75	17493.55	17604.35	476342611	40104.83
30-01-2023	17541.95	17709.15	17405.55	17648.95	432434028	38159.88
31-01-2023	17731.45	17735.7	17537.55	17662.15	398338541	35023.7
01-02-2023	17811.6	17972.2	17353.4	17616.3	512870802	38486.19
02-02-2023	17517.1	17653.9	17445.95	17610.4	490113567	37639.96
03-02-2023	17721.75	17870.3	17584.2	17854.05	424123037	34503.67
06-02-2023	17818.55	17823.7	17698.35	17764.6	282544790	21864.88
07-02-2023	17790.1	17811.15	17652.55	17721.5	354395693	23611.08
08-02-2023	17750.3	17898.7	17744.15	17871.7	290994265	23733.4
09-02-2023	17885.5	17916.9	17779.8	17893.45	260854055	21529.97
10-02-2023	17847.55	17876.95	17801	17856.5	231991834	17063.99
13-02-2023	17859.1	17880.7	17719.75	17770.9	231276483	17406.31
14-02-2023	17840.35	17954.55	17800.05	17929.85	244512944	20579.8
15-02-2023	17896.6	18034.1	17853.8	18015.85	229273800	21457.34
16-02-2023	18094.75	18134.75	18000.65	18035.85	230246175	18891.55
17-02-2023	17974.85	18034.25	17884.6	17944.2	208053929	16998.33
20-02-2023	17965.55	18004.35	17818.4	17844.6	174563233	14729.07
21-02-2023	17905.8	17924.9	17800.3	17826.7	198248205	15593.09
22-02-2023	17755.35	17772.5	17529.45	17554.3	204021979	17162.09
23-02-2023	17574.65	17620.05	17455.4	17511.25	240807918	19313.68
24-02-2023	17591.35	17599.75	17421.8	17465.8	209406363	16100.18
27-02-2023	17428.6	17451.6	17299	17392.7	246448847	16638.41
28-02-2023	17383.25	17440.45	17255.2	17303.95	420881259	32959.77
01-03-2023	17360.1	17467.75	17345.25	17450.9	272881409	19784.53
02-03-2023	17421.5	17445.8	17306	17321.9	310669094	22068.68
03-03-2023	17451.25	17644.75	17427.7	17594.35	356169518	24143.96
06-03-2023	17680.35	17799.95	17671.95	17711.45	362801096	26959.41
08-03-2023	17665.75	17766.5	17602.25	17754.4	267041402	23155.56
09-03-2023	17772.05	17772.35	17573.6	17589.6	262352056	21964.17
10-03-2023	17443.8	17451.5	17324.35	17412.9	235927570	19794.73
13-03-2023	17421.9	17529.9	17113.45	17154.3	254914657	22860.67
14-03-2023	17160.55	17224.65	16987.1	17043.3	290604200	26057.6
15-03-2023	17166.45	17211.35	16938.9	16972.15	248188970	22659.09
16-03-2023	16994.65	17062.45	16850.15	16985.6	349820607	24198.71
17-03-2023	17111.8	17145.8	16958.15	17100.05	408121255	30478.42
20-03-2023	17066.6	17066.6	16828.35	16988.4	241777405	21454.09
21-03-2023	17060.4	17127.7	17016	17107.5	246737873	22039.11
22-03-2023	17177.45	17207.25	17107.85	17151.9	185700457	15712
23-03-2023	17097.4	17205.4	17045.3	17076.9	219171517	19676.97
24-03-2023	17076.2	17109.45	16917.35	16945.05	228038299	19019.88
27-03-2023	16984.3	17091	16918.55	16985.7	218418670	18466.56
28-03-2023	17031.75	17061.75	16913.75	16951.7	238840919	20942.5
29-03-2023	16977.3	17126.15	16940.6	17080.7	345911087	27261.74
31-03-2023	17210.35	17381.6	17204.65	17359.75	263889033	24970.98
03-04-2023	17427.95	17428.05	17312.75	17398.05	230170687	20359.58
05-04-2023	17422.3	17570.55	17402.7	17557.05	248345193	23911.75
06-04-2023	17533.85	17638.7	17502.85	17599.15	242708337	23543.21
10-04-2023	17634.9	17694.1	17597.95	17624.05	254819382	21092.06
11-04-2023	17704.8	17748.75	17655.15	17722.3	304263454	25841.64
12-04-2023	17759.55	17825.75	17717.25	17812.4	232816318	22851.93
13-04-2023	17807.3	17842.15	17729.65	17828	285764798	26460.2
17-04-2023	17863	17863	17574.05	17706.85	357401212	35118.57
18-04-2023	17766.6	17766.6	17610.2	17660.15	258856690	23032.99
19-04-2023	17653.35	17666.15	17579.85	17618.75	281463379	21562.08
20-04-2023	17638.6	17684.45	17584.35	17624.45	215103396	19457.45
21-04-2023	17639.75	17663.2	17553.95	17624.05	230156645	19091.44
24-04-2023	17707.55	17754.5	17612.5	17743.4	255740393	23142.94
25-04-2023	17761.55	17807.45	17716.85	17769.25	297445999	28819.53
26-04-2023	17767.3	17827.75	17711.2	17813.6	233008677	21295.14
27-04-2023	17813.1	17931.6	17797.9	17915.05	241434660	24454.15
28-04-2023	17950.4	18089.15	17885.3	18065	290263674	27026.12
02-05-2023	18124.8	18180.25	18101.75	18147.65	265216308	23615.47
03-05-2023	18113.8	18116.35	18042.4	18089.85	226171254	19079.79
04-05-2023	18081	18267.45	18066.7	18255.8	226643581	21889.48
05-05-2023	18117.3	18216.95	18055.45	18069	239702311	26152.88
08-05-2023	18120.6	18286.95	18100.3	18264.4	228399379	22687.94
09-05-2023	18303.4	18344.2	18229.65	18265.95	245368649	23478.06
10-05-2023	18313.6	18326.75	18211.95	18315.1	220450874	21416.41
11-05-2023	18357.8	18389.7	18270.4	18297	248932544	26440.1
12-05-2023	18273.75	18342.75	18194.55	18314.8	241702589	22046.04
15-05-2023	18339.3	18458.9	18287.9	18398.85	216088535	19329.75
16-05-2023	18432.35	18432.35	18264.35	18286.5	219490491	21063.78
17-05-2023	18300.45	18309	18115.35	18181.75	229898510	20903.12
18-05-2023	18287.5	18297.2	18104.85	18129.95	272103515	24172.44
19-05-2023	18186.15	18218.1	18060.4	18203.4	260898407	22105.67
22-05-2023	18201.1	18335.25	18178.85	18314.4	262560942	25147.58
23-05-2023	18362.9	18419.75	18324.2	18348	270354216	28648.15
24-05-2023	18294.8	18392.6	18262.95	18285.4	232621507	24273.17
25-05-2023	18268.9	18338.1	18202.4	18321.15	235915651	22411.41
26-05-2023	18368.35	18508.55	18333.15	18499.35	198668359	19094.08
29-05-2023	18619.15	18641.2	18581.25	18598.65	265323978	19237.57
30-05-2023	18606.65	18662.45	18575.5	18633.85	234391323	21660.69
31-05-2023	18594.2	18603.9	18483.85	18534.4	696495765	70755.08
01-06-2023	18579.4	18580.3	18464.55	18487.75	265630759	24056.99
02-06-2023	18550.85	18573.7	18478.4	18534.1	270923679	23171.88
05-06-2023	18612	18640.15	18582.8	18593.85	256111496	20369.16
06-06-2023	18600.8	18622.75	18531.6	18599	220789926	21957.47
07-06-2023	18665.6	18738.95	18636	18726.4	260109671	21482.77
08-06-2023	18725.35	18777.9	18615.6	18634.55	286468927	22762.3
09-06-2023	18655.9	18676.65	18555.4	18563.4	221760885	20181.42
12-06-2023	18595.05	18633.6	18559.75	18601.5	179463966	15386.04
13-06-2023	18631.8	18728.9	18631.8	18716.15	233167883	22612.62
14-06-2023	18744.6	18769.7	18690	18755.9	261354575	19520.08
15-06-2023	18774.45	18794.1	18669.05	18688.1	263004991	24820.77
16-06-2023	18723.3	18864.7	18710.5	18826	272771256	28877.67
19-06-2023	18873.3	18881.45	18719.15	18755.45	219815214	22699.84
20-06-2023	18752.35	18839.7	18660.65	18816.7	211649257	19687.08
21-06-2023	18849.4	18875.9	18794.85	18856.85	217481345	19102.48
22-06-2023	18853.6	18886.6	18759.5	18771.25	252697871	24990.87
23-06-2023	18741.85	18756.4	18647.1	18665.5	210562119	20619.6
26-06-2023	18682.35	18722.05	18646.7	18691.2	171271325	17355.14
27-06-2023	18748.55	18829.25	18714.25	18817.4	222464605	21415.89
28-06-2023	18908.15	19011.25	18861.35	18972.1	398782019	37356.94
30-06-2023	19076.85	19201.7	19024.6	19189.05	247906587	26376.62
03-07-2023	19246.5	19345.1	19234.4	19322.55	226050219	22681.54
04-07-2023	19406.6	19434.15	19300	19389	226916635	26634.06
05-07-2023	19405.95	19421.6	19339.6	19398.5	224418797	24699.24
06-07-2023	19385.7	19512.2	19373	19497.3	268261285	28540.18
07-07-2023	19422.8	19523.6	19303.6	19331.8	237102566	23089.25
10-07-2023	19400.35	19435.85	19327.1	19355.9	268246132	25991.55
11-07-2023	19427.1	19515.1	19406.45	19439.4	251263638	26883.78
12-07-2023	19497.45	19507.7	19361.75	19384.3	327941559	40163.14
13-07-2023	19495.2	19567	19385.8	19413.75	310442517	27244.56
14-07-2023	19493.45	19595.35	19433.5	19564.5	291165841	25484.44
17-07-2023	19612.15	19731.85	19562.95	19711.45	268707894	25975.57
18-07-2023	19787.5	19819.45	19690.2	19749.25	286353897	33269.08
19-07-2023	19802.95	19851.7	19727.45	19833.15	259660464	26447.9
20-07-2023	19831.7	19991.85	19758.4	19979.15	274698867	30622.66
21-07-2023	19800.45	19887.4	19700	19745	312461795	33802.14
24-07-2023	19748.45	19782.75	19658.3	19672.35	265562151	24522.29
25-07-2023	19729.35	19729.35	19615.95	19680.6	369653496	29665.67
26-07-2023	19733.35	19825.6	19716.7	19778.3	244747425	23023.86
27-07-2023	19850.9	19867.55	19603.55	19659.9	334891351	35019.13
28-07-2023	19659.75	19695.9	19563.1	19646.05	258671382	22995.98
31-07-2023	19666.35	19772.75	19597.6	19753.8	295053318	23075.38
01-08-2023	19784	19795.6	19704.6	19733.55	298048161	24554.71
02-08-2023	19655.4	19678.25	19423.55	19526.55	290666798	23997.47
03-08-2023	19463.75	19537.65	19296.45	19381.65	315688612	29899.38
04-08-2023	19462.8	19538.85	19436.45	19517	280799561	28086.15
07-08-2023	19576.85	19620.45	19524.8	19597.3	216586074	21655.87
08-08-2023	19627.2	19634.4	19533.1	19570.85	260294052	25437.47
09-08-2023	19578.8	19645.5	19467.5	19632.55	266495074	23201.75
10-08-2023	19605.55	19623.6	19495.4	19543.1	312193785	29430.34
11-08-2023	19554.25	19557.75	19412.75	19428.3	235524048	24521.24
14-08-2023	19383.95	19465.85	19257.9	19434.55	243850815	22767.43
16-08-2023	19369	19482.75	19317.2	19465	226627230	21484.66
17-08-2023	19450.55	19461.55	19326.25	19365.25	268663456	26505.65
18-08-2023	19301.75	19373.8	19253.6	19310.15	256142364	25641.41
21-08-2023	19320.65	19425.95	19296.3	19393.6	262589133	20738.75
22-08-2023	19417.1	19443.5	19381.3	19396.45	208704354	20226.48
23-08-2023	19439.2	19472.05	19366.6	19444	225214991	20167.16
24-08-2023	19535.15	19584.45	19369	19386.7	268256859	24338.24
25-08-2023	19297.4	19339.55	19229.7	19265.8	466518217	24998.12
28-08-2023	19298.35	19366.85	19249.7	19306.05	248178769	18237.22
29-08-2023	19374.85	19377.9	19309.1	19342.65	307388116	22501.12
30-08-2023	19433.45	19452.8	19334.75	19347.45	233004568	19877.49
31-08-2023	19375.55	19388.2	19223.65	19253.8	562557215	45699.54
01-09-2023	19258.15	19458.55	19255.7	19435.3	372502191	25962.38
04-09-2023	19525.05	19545.15	19432.85	19528.8	396071122	24822.79
05-09-2023	19564.65	19587.05	19525.75	19574.9	303958622	24029.89
06-09-2023	19581.2	19636.45	19491.5	19611.05	512974083	32500.52
07-09-2023	19598.65	19737	19550.05	19727.05	304929822	23591
08-09-2023	19774.8	19867.15	19728.05	19819.95	288093693	23530.84
11-09-2023	19890	20008.15	19865.35	19996.35	248763130	21924.34
12-09-2023	20110.15	20110.35	19914.65	19993.2	328064239	30110.8
13-09-2023	19989.5	20096.9	19944.1	20070	251394599	24332.36
14-09-2023	20127.95	20167.65	20043.45	20103.1	275111881	21902.65
15-09-2023	20156.45	20222.45	20129.7	20192.35	438185104	42681.35
18-09-2023	20155.95	20195.35	20115.7	20133.3	264870758	21135.95
20-09-2023	19980.75	20050.65	19878.85	19901.4	378065882	37351.58
21-09-2023	19840.55	19848.75	19709.95	19742.35	275132260	26711.83
22-09-2023	19744.85	19798.65	19657.5	19674.25	246410075	24137.57
25-09-2023	19678.2	19734.15	19601.55	19674.55	188398392	20194.48
26-09-2023	19682.8	19699.35	19637.45	19664.7	204869058	18118.19
27-09-2023	19637.05	19730.7	19554	19716.45	203559874	19659.17
28-09-2023	19761.8	19766.65	19492.1	19523.55	352810261	30069.78
29-09-2023	19581.2	19726.25	19551.05	19638.3	243508919	20978.72
03-10-2023	19622.4	19623.2	19479.65	19528.75	221719625	21459.58
04-10-2023	19446.3	19457.8	19333.6	19436.1	277148310	26017.47
05-10-2023	19521.85	19576.95	19487.3	19545.75	234865323	22019.04
06-10-2023	19621.2	19675.75	19589.4	19653.5	159051277	16096.52
09-10-2023	19539.45	19588.95	19480.5	19512.35	165094800	15499.67
10-10-2023	19565.6	19717.8	19565.45	19689.85	216559447	18735.62
11-10-2023	19767	19839.2	19756.95	19811.35	213729730	19900.99
12-10-2023	19822.7	19843.3	19772.65	19794	217904144	20999.94
13-10-2023	19654.55	19805.4	19635.3	19751.05	254955979	24363.02
16-10-2023	19737.25	19781.3	19691.85	19731.75	180964341	14746.01
17-10-2023	19843.2	19849.75	19775.65	19811.5	185846716	16839.87
18-10-2023	19820.45	19840.95	19659.95	19671.1	198942937	18581.64
19-10-2023	19545.2	19681.8	19512.35	19624.7	230312163	23582.01
20-10-2023	19542.15	19593.8	19518.7	19542.65	198341255	17944.31
23-10-2023	19521.6	19556.85	19257.85	19281.75	176044288	16212.9
25-10-2023	19286.45	19347.3	19074.15	19122.15	225291741	19818.32
26-10-2023	19027.25	19041.7	18837.85	18857.25	300356469	28939.64
27-10-2023	18928.75	19076.15	18926.65	19047.25	205201044	19947.48
30-10-2023	19053.4	19158.5	18940	19140.9	180132492	17095.73
31-10-2023	19232.95	19233.7	19056.45	19079.6	206049341	19397.36
01-11-2023	19064.05	19096.05	18973.7	18989.15	194103279	18452.51
02-11-2023	19120	19175.25	19064.15	19133.25	245595109	19771.49
03-11-2023	19241	19276.25	19210.9	19230.6	189516123	17304.87
06-11-2023	19345.85	19423	19309.7	19411.75	180690631	16296.56
07-11-2023	19404.05	19423.5	19329.1	19406.7	198660124	18288.06
08-11-2023	19449.6	19464.4	19401.5	19443.5	194967997	17060.45
09-11-2023	19457.4	19463.9	19378.35	19395.3	208418472	19087.29
10-11-2023	19351.85	19451.3	19329.45	19425.35	152215785	12916.21
12-11-2023	19547.25	19547.25	19510.25	19525.55	37311902	2482.27
13-11-2023	19486.75	19494.4	19414.75	19443.55	189275733	13527.22
15-11-2023	19651.4	19693.2	19579.65	19675.45	291464988	24957.24
16-11-2023	19674.7	19875.25	19627	19765.2	282686669	26041.45
17-11-2023	19674.75	19806	19667.45	19731.8	236827462	21681.28
20-11-2023	19731.15	19756.45	19670.5	19694	173780543	16737.05
21-11-2023	19770.9	19829.1	19754.05	19783.4	194969012	17947.2
22-11-2023	19784	19825.55	19703.85	19811.85	184497984	17405.48
23-11-2023	19828.45	19875.15	19786.75	19802	170024085	15906.94
24-11-2023	19809.6	19832.85	19768.85	19794.7	145895044	14389.29
28-11-2023	19844.65	19916.85	19800	19889.7	229595031	23043.25
29-11-2023	19976.55	20104.65	19956.3	20096.6	236241768	22367.64
30-11-2023	20108.5	20158.7	20015.85	20133.15	486585349	48877.95
01-12-2023	20194.1	20291.55	20183.7	20267.9	265812566	22461.53
04-12-2023	20601.95	20702.65	20507.75	20686.8	381107418	33917.52
05-12-2023	20808.9	20864.05	20711.15	20855.1	421008350	41763.52
06-12-2023	20950.75	20961.95	20852.15	20937.7	359212958	35654.76
07-12-2023	20932.4	20941.25	20850.8	20901.15	274985308	24862.43
08-12-2023	20934.1	21006.1	20862.7	20969.4	292440768	27449.96
11-12-2023	20965.3	21026.1	20923.7	20997.1	212921451	21150.17
12-12-2023	21018.55	21037.9	20867.15	20906.4	244867128	25404.64
13-12-2023	20929.75	20950	20769.5	20926.35	260269318	25918.44
14-12-2023	21110.4	21210.9	21074.45	21182.7	334410589	32593.42
15-12-2023	21287.45	21492.3	21235.3	21456.65	508761756	50114.46
18-12-2023	21434.8	21482.8	21365.35	21418.65	249668965	23615.28
19-12-2023	21477.65	21505.05	21337.75	21453.1	249750062	23750.61
20-12-2023	21543.5	21593	21087.35	21150.15	363886229	30993.12
21-12-2023	21033.95	21288.35	20976.8	21255.05	277548079	26001.02
22-12-2023	21295.85	21390.5	21232.45	21349.4	284708918	27709.29
26-12-2023	21365.2	21477.15	21329.45	21441.35	219467748	20081.33
27-12-2023	21497.65	21675.75	21495.8	21654.75	256542963	23059.25
28-12-2023	21715	21801.45	21678	21778.7	393080755	35031
29-12-2023	21737.65	21770.3	21676.9	21731.4	270922276	23697.88
01-01-2024	21727.75	21834.35	21680.85	21741.9	153995217	14184.09
02-01-2024	21751.35	21755.6	21555.65	21665.8	263711568	25316.13
03-01-2024	21661.1	21677	21500.35	21517.35	311933117	32329.23
04-01-2024	21605.8	21685.65	21564.55	21658.6	339172697	30868.15
05-01-2024	21705.75	21749.6	21629.2	21710.8	309303266	26554.49
08-01-2024	21747.6	21763.95	21492.9	21513	231452935	21140.94
09-01-2024	21653.6	21724.45	21517.85	21544.85	228568589	24055.74
10-01-2024	21529.3	21641.85	21448.65	21618.7	216991926	20958.96
11-01-2024	21688	21726.5	21593.75	21647.2	212453866	23492.12
12-01-2024	21773.55	21928.25	21715.15	21894.55	294678459	30565.5
15-01-2024	22053.15	22115.55	21963.55	22097.45	345543523	29523.15
16-01-2024	22080.5	22124.15	21969.8	22032.3	292433764	24435.94
17-01-2024	21647.25	21851.5	21550.45	21571.95	455999867	47533.44
18-01-2024	21414.2	21539.4	21285.55	21462.25	387341268	39718.84
19-01-2024	21615.2	21670.6	21575	21622.4	343055124	34429.24
20-01-2024	21706.15	21720.3	21541.8	21571.8	162073740	13917.46
23-01-2024	21716.7	21750.25	21192.6	21238.8	449718534	48813.68
24-01-2024	21185.25	21482.35	21137.2	21453.95	407460664	41718.64
25-01-2024	21454.6	21459	21247.05	21352.6	418143077	40088.5
29-01-2024	21433.1	21763.25	21429.6	21737.6	376702289	34516.42
30-01-2024	21775.75	21813.05	21501.8	21522.1	375137333	32916.3
31-01-2024	21487.25	21741.35	21448.85	21725.7	410583065	41587.85
01-02-2024	21780.65	21832.95	21658.75	21697.45	332541208	34042.15
02-02-2024	21812.75	22126.8	21805.55	21853.8	442794738	38395.9
05-02-2024	21921.05	21964.3	21726.95	21771.7	440849699	33807.94
06-02-2024	21825.2	21951.4	21737.55	21929.4	370968111	32910.82
07-02-2024	22045.05	22053.3	21860.15	21930.5	346263704	30088.76
08-02-2024	22009.65	22011.05	21665.3	21717.95	491069786	41082.02
09-02-2024	21727	21804.45	21629.9	21782.5	349222850	31176.16
12-02-2024	21800.8	21831.7	21574.75	21616.05	287436165	23921.14
13-02-2024	21664.3	21766.8	21543.35	21743.25	365785766	29896.62
14-02-2024	21578.15	21870.85	21530.2	21840.05	359120861	32535
15-02-2024	21906.55	21953.85	21794.8	21910.75	345394395	29559.69
16-02-2024	22020.3	22068.65	21968.95	22040.7	343892935	30666.89
19-02-2024	22103.45	22186.65	22021.05	22122.25	218252325	21375.71
20-02-2024	22099.2	22215.6	22045.85	22196.95	295705319	26872.32
21-02-2024	22248.85	22249.4	21997.95	22055.05	364545679	29741.39
22-02-2024	22081.55	22252.5	21875.25	22217.45	343495136	33985.94
23-02-2024	22290	22297.5	22186.1	22212.7	225983194	24617.01
26-02-2024	22169.2	22202.15	22075.15	22122.05	207775504	20850.26
27-02-2024	22090.2	22218.25	22085.65	22198.35	252199186	24620.71
28-02-2024	22214.1	22229.15	21915.85	21951.15	202952371	20579.8
29-02-2024	21935.2	22060.55	21860.65	21982.8	360165824	40196.12
01-03-2024	22048.3	22353.3	22047.75	22338.75	351503075	29646.47
02-03-2024	22406.95	22419.55	22367.05	22378.4	35763814	1918.77
04-03-2024	22403.5	22440.9	22358.3	22405.6	298794435	23771.71
05-03-2024	22371.25	22416.9	22269.15	22356.3	296153036	29165.37
06-03-2024	22327.5	22497.2	22224.35	22474.05	312262560	31029.01
07-03-2024	22505.3	22525.65	22430	22493.55	379865142	33558.46
11-03-2024	22517.5	22526.6	22307.25	22332.65	277897373	27222.37
12-03-2024	22334.45	22452.55	22256	22335.7	299201167	29781.12
13-03-2024	22432.2	22446.75	21905.65	21997.7	493341697	40109.23
14-03-2024	21982.55	22204.6	21917.5	22146.65	426742460	37348.3
15-03-2024	22064.85	22120.9	21931.7	22023.35	661460455	60260.88
18-03-2024	21990.1	22123.7	21916.55	22055.7	356321519	23015.51
19-03-2024	21946.45	21978.3	21793.1	21817.45	344157465	30291.6
20-03-2024	21843.9	21930.9	21710.2	21839.1	312414696	28939.85
21-03-2024	21989.9	22080.95	21941.3	22011.95	353172434	31258.4
22-03-2024	21932.2	22180.7	21883.3	22096.75	388656439	39023.19
26-03-2024	21947.9	22073.2	21947.55	22004.7	328403719	33382.08
27-03-2024	22053.95	22193.6	22052.85	22123.65	409136866	38830.73
28-03-2024	22163.6	22516	22163.6	22326.9	407422815	45656.57
01-04-2024	22455	22529.95	22427.75	22462	243637071	21420.69
02-04-2024	22458.8	22497.6	22388.15	22453.3	289524237	27940.93
03-04-2024	22385.7	22521.1	22346.5	22434.65	309647491	30793.28
04-04-2024	22592.1	22619	22303.8	22514.65	400986156	40705.56
05-04-2024	22486.4	22537.6	22427.6	22513.7	242244731	24797.82
08-04-2024	22578.35	22697.3	22550.35	22666.3	227633561	22480.2
09-04-2024	22765.1	22768.4	22612.25	22642.75	232356772	21651.69
10-04-2024	22720.25	22775.7	22673.7	22753.8	276847931	25355.05
12-04-2024	22677.4	22726.45	22503.75	22519.4	357187778	36456.91
15-04-2024	22339.05	22427.45	22259.55	22272.5	355465814	29474.59
16-04-2024	22125.3	22213.75	22079.45	22147.9	317267066	28661.04
18-04-2024	22212.35	22326.5	21961.7	21995.85	456906707	43314.67
19-04-2024	21861.5	22179.55	21777.65	22147	362530569	36073.63
22-04-2024	22336.9	22375.65	22198.15	22336.4	279259571	26841.2
23-04-2024	22447.05	22447.55	22349.45	22368	231520813	25651.64
24-04-2024	22421.55	22476.45	22384	22402.4	235898642	21925.6
25-04-2024	22316.9	22625.95	22305.25	22570.35	475044740	53803.8
26-04-2024	22620.4	22620.4	22385.55	22419.95	329887340	36984.89
29-04-2024	22475.55	22655.8	22441.9	22643.4	291957361	32431.45
30-04-2024	22679.65	22783.35	22568.4	22604.85	361859375	38741.7
02-05-2024	22567.85	22710.5	22567.85	22648.2	445909456	43133.31
03-05-2024	22766.35	22794.7	22348.05	22475.85	438060727	44432.55
06-05-2024	22561.6	22588.8	22409.45	22442.7	320255789	33417.53
07-05-2024	22489.75	22499.05	22232.05	22302.5	297815469	31512.26
08-05-2024	22231.2	22368.65	22185.2	22302.5	277438692	29717.33
09-05-2024	22224.8	22307.75	21932.4	21957.5	331327454	37870.88
10-05-2024	21990.95	22131.3	21950.3	22055.2	265804411	28717.71
13-05-2024	22027.95	22131.65	21821.05	22104.05	278186886	29036.08
14-05-2024	22112.9	22270.05	22081.25	22217.85	230238941	23741.66
15-05-2024	22255.6	22297.55	22151.75	22200.55	231935478	23815.79
16-05-2024	22319.2	22432.25	22054.55	22403.85	368945092	38836.11
17-05-2024	22415.25	22502.15	22345.65	22466.1	242654570	27388.67
18-05-2024	22512.85	22520.25	22470.05	22502	19064566	1572.77
21-05-2024	22404.55	22591.1	22404.55	22529.05	347591587	30782.35
22-05-2024	22576.6	22629.5	22483.15	22597.8	290345590	28556.14
23-05-2024	22614.1	22993.6	22577.45	22967.65	369767547	39157.65
24-05-2024	22930.75	23026.4	22908	22957.1	261927120	27966.99
27-05-2024	23038.95	23110.8	22871.2	22932.45	260006078	27204.54
28-05-2024	22977.15	22998.55	22858.5	22888.15	217890750	23054.65
29-05-2024	22762.75	22825.5	22685.45	22704.7	269932784	27549.09
30-05-2024	22617.45	22705.75	22417	22488.65	373374457	32991.46
31-05-2024	22568.1	22653.75	22465.1	22530.7	572122639	67040.32
03-06-2024	23337.9	23338.7	23062.3	23263.9	569425569	56418.25
04-06-2024	23179.5	23179.5	21281.45	21884.5	1006105058	93786.44
05-06-2024	22128.35	22670.4	21791.95	22620.35	638487077	64326.85
06-06-2024	22798.6	22910.15	22642.6	22821.4	480413289	49047.39
07-06-2024	22821.85	23320.2	22789.05	23290.15	473554898	47621.54
10-06-2024	23319.15	23411.9	23227.15	23259.2	304392368	29060.4
11-06-2024	23283.75	23389.45	23206.65	23264.85	305185666	29190.91
12-06-2024	23344.45	23441.95	23295.95	23322.95	295630910	31795.48
13-06-2024	23480.95	23481.05	23353.9	23398.9	268279841	30151.67
14-06-2024	23464.95	23490.4	23334.25	23465.6	223086741	25746.34
18-06-2024	23570.8	23579.05	23499.7	23557.9	272207297	29389.75
19-06-2024	23629.85	23664	23412.9	23516	328811255	39430.39
20-06-2024	23586.15	23624	23442.6	23567	280336970	33390.07
21-06-2024	23661.15	23667.1	23398.2	23501.1	609877803	70062.97
24-06-2024	23382.3	23558.1	23350	23537.85	239358460	24862.37
25-06-2024	23577.1	23754.15	23562.05	23721.3	298111025	34263.36
26-06-2024	23723.1	23889.9	23670.45	23868.8	287824687	33979.62
27-06-2024	23881.55	24087.45	23805.4	24044.5	515227010	61216.71
28-06-2024	24085.9	24174	23985.8	24010.6	354779832	41242.87
01-07-2024	23992.95	24164	23992.7	24141.95	242468081	28204.06
02-07-2024	24228.75	24236.35	24056.4	24123.85	309629240	34838.65
03-07-2024	24291.75	24309.15	24207.1	24286.5	289201551	36661.17
04-07-2024	24369.95	24401	24281	24302.15	251189844	28466.6
05-07-2024	24213.35	24363	24168.85	24323.85	298381204	32052.48
08-07-2024	24329.45	24344.6	24240.55	24320.55	266299131	26356.03
09-07-2024	24351	24443.6	24331.9	24433.2	250537091	29361.08
10-07-2024	24459.85	24461.05	24141.8	24324.45	292263786	35358.54
11-07-2024	24396.55	24402.65	24193.75	24315.95	306404194	32115.44
12-07-2024	24387.95	24592.2	24331.15	24502.15	325823474	39565.33
15-07-2024	24587.6	24635.05	24522.75	24586.7	305395934	31593.04
16-07-2024	24615.9	24661.25	24587.65	24613	283212233	28668.71
18-07-2024	24543.8	24837.75	24504.45	24800.85	350924425	40477.17
19-07-2024	24853.8	24854.8	24508.15	24530.9		
22-07-2024	24445.75	24595.2	24362.3	24509.25	324190553	32496.23
23-07-2024	24568.9	24582.55	24074.2	24479.05	436408768	44921.42
24-07-2024	24444.95	24504.25	24307.25	24413.5	366616574	39538.11
25-07-2024	24230.95	24426.15	24210.8	24406.1	391821970	37853.62
26-07-2024	24423.35	24861.15	24410.9	24834.85	383826136	42118.36
29-07-2024	24943.3	24999.75	24774.6	24836.1	354966070	37102.92
30-07-2024	24839.4	24971.75	24798.65	24857.3	384989431	37576.58
31-07-2024	24886.7	24984.6	24856.5	24951.15	333646302	35411.32
01-08-2024	25030.95	25078.3	24956.4	25010.9	431313292	38822.9
02-08-2024	24789	24851.9	24686.85	24717.7	345027881	35368.54
05-08-2024	24302.85	24350.05	23893.7	24055.6	486994718	45066.65
